url_path,views_total,views_unique
/ichwars/PrintOps,10,5
/ichwars/PrintOps/blob/3b38e09bed7a5caf8215638e6b5dfcb4449065c5/backend/app/core/database.py,2,2
/ichwars/PrintOps/actions,1,1
/ichwars/PrintOps/blob/7d075f8a4d406d8c1d5d71891764b3a5af301ef9/.github/workflows/ci.yml,1,1
/ichwars/PrintOps/blob/c67d5496e8e3291da5e0e7b55da489dbda3b9ec5/calculations/sources/b1fc2c93985642bc883027159284b4c2.3mf,1,1
/ichwars/PrintOps/blob/main/docker-compose.yml,1,1
/ichwars/PrintOps/commits/main,1,1
/ichwars/PrintOps/issues,1,1
/ichwars/PrintOps/pull/174,1,1
/ichwars/PrintOps/pull/175,1,1
